{"cameraMode":{"drawMode":0,"name":"Shaded","section":"Shading Mode"},"sceneLighting":true,"audioPlay":false,"sceneViewState":{"m_AlwaysRefresh":false,"showFog":true,"showSkybox":true,"showFlares":true,"showImageEffects":true,"showParticleSystems":true,"showVisualEffectGraphs":true,"m_FxEnabled":true},"in2DMode":false,"pivot":{"x":4.541422367095947,"y":-0.31664010882377627,"z":1.4894123077392579},"rotation":{"x":0.06499158591032028,"y":0.1045827865600586,"z":-0.006849068216979504,"w":0.9923644661903381},"size":10.874252319335938,"orthographic":false}